discount_tier,orders,revenue,avg_margin
0%,1983,3881858.36,0.39925194150277354
1-5%,1015,1731662.93,0.39589802955665027
6-10%,897,1538699.93,0.4005317725752508
11-15%,639,1072344.45,0.3956943661971831
16-20%,330,506258.02,0.39833454545454544
21-25%,136,167521.76,0.3894125
